arquivo,tipo,paginas,paginas_com_vermelho,keywords_assinatura,indicio_assinatura
01 - Cartão Ponto.pdf,pdf,1,1 (1.4547%),,sim
02 - Holerite de salário e Adiantamento.pdf,pdf,1,1 (0.6428%),,sim
02.1 - Holerite do 13º Terceiro - 1º e 2º Parcela.pdf,pdf,1,1 (0.3016%),,sim
03 - Comprovante.pdf,pdf,1,1 (1.1115%),,sim
04 - Ferias (Recibo).pdf,pdf,1,1 (2.3136%),,sim
05 - CARTA DE TRANSFERÊNCIA.pdf,pdf,1,1 (1.6827%),,sim
06 - Apólice do seguro de vida.pdf,pdf,1,1 (1.3056%),,sim
07 - GUIA INSS.pdf,pdf,1,1 (0.1258%),,sim
08 - DCTFWEB COMPLETA.pdf,pdf,1,1 (0.3235%),,sim
09 - Relatório de compensação da DCTFWEB.pdf,pdf,1,1 (0.4619%),,sim
10 - GUIAS FGTS.pdf,pdf,1,1 (0.2877%),,sim
11 - FGTS DIGITAL.pdf,pdf,1,1 (1.3581%),,sim
12 - FOLHA DE PAGAMENTO.pdf,pdf,1,1 (1.4314%),,sim
13 - VT_Termo não optante.pdf,pdf,1,1 (1.1094%),,sim
CDT - DESENTUPIDORA.pdf,pdf,1,,"empregado, empregador, de acordo",sim
CDT.jpeg,jpeg,1,1 (0.7975%),,sim
CERTIDÕES\01 - CND INSS.pdf,pdf,1,1 (0.8870%),,sim
CERTIDÕES\02 - CRF FGTS.pdf,pdf,1,1 (1.8436%),,sim
CERTIDÕES\03 - CNDT.pdf,pdf,1,1 (1.1555%),,sim
E-SOCIAL - contribuição social do contribuinte.png,png,1,1 (1.9886%),,sim
KIT RESCISÃO\01 - TRCT.pdf,pdf,1,1 (1.0638%),,sim
KIT RESCISÃO\02 - AVISO.pdf,pdf,1,1 (1.6941%),,sim
KIT RESCISÃO\03 - ASO DEMISSIONAL.pdf,pdf,1,1 (1.2346%),,sim
KIT RESCISÃO\04 - FGTS RESCISÓRIO COMPLETO.pdf,pdf,1,1 (0.2397%),,sim
KIT RESCISÃO\05 - Pedido de demissão.pdf,pdf,1,,,nao
KIT RESCISÃO\06 - Cartão Ponto.pdf,pdf,1,1 (1.4547%),,sim
Modelo do e-mail de lembrete de postagem de documentação .png,png,1,1 (0.2389%),,sim
