arquivo_modelo,assinatura_obrigatoria,quem_assina,observacao_inicial
01 - Cartão Ponto.pdf,sim,colaborador,espelho de ponto frequentemente com assinatura do colaborador
02 - Holerite de salário e Adiantamento.pdf,nao,,comprovante/guia/certidao geralmente sem assinatura manual
02.1 - Holerite do 13º Terceiro - 1º e 2º Parcela.pdf,nao,,comprovante/guia/certidao geralmente sem assinatura manual
03 - Comprovante.pdf,nao,,comprovante/guia/certidao geralmente sem assinatura manual
04 - Ferias (Recibo).pdf,sim,colaborador e empresa,recibo de ferias normalmente assinado
05 - CARTA DE TRANSFERÊNCIA.pdf,sim,colaborador e empresa,carta/ciencia de transferencia
06 - Apólice do seguro de vida.pdf,nao,,comprovante/guia/certidao geralmente sem assinatura manual
07 - GUIA INSS.pdf,nao,,comprovante/guia/certidao geralmente sem assinatura manual
08 - DCTFWEB COMPLETA.pdf,nao,,comprovante/guia/certidao geralmente sem assinatura manual
09 - Relatório de compensação da DCTFWEB.pdf,nao,,comprovante/guia/certidao geralmente sem assinatura manual
10 - GUIAS FGTS.pdf,nao,,comprovante/guia/certidao geralmente sem assinatura manual
11 - FGTS DIGITAL.pdf,nao,,comprovante/guia/certidao geralmente sem assinatura manual
12 - FOLHA DE PAGAMENTO.pdf,nao,,comprovante/guia/certidao geralmente sem assinatura manual
13 - VT_Termo não optante.pdf,sim,colaborador,termo de opcao/declaracao
CDT - DESENTUPIDORA.pdf,sim,colaborador e empresa,modelo aparenta campo de aceite/assinatura
CDT.jpeg,sim,colaborador e empresa,modelo aparenta campo de aceite/assinatura
CERTIDÕES\01 - CND INSS.pdf,nao,,comprovante/guia/certidao geralmente sem assinatura manual
CERTIDÕES\02 - CRF FGTS.pdf,nao,,comprovante/guia/certidao geralmente sem assinatura manual
CERTIDÕES\03 - CNDT.pdf,nao,,comprovante/guia/certidao geralmente sem assinatura manual
E-SOCIAL - contribuição social do contribuinte.png,nao,,comprovante/guia/certidao geralmente sem assinatura manual
KIT RESCISÃO\01 - TRCT.pdf,sim,colaborador e empresa,normalmente no fechamento do termo
KIT RESCISÃO\02 - AVISO.pdf,sim,colaborador e empresa,aviso de rescisao geralmente assinado por ambos
KIT RESCISÃO\03 - ASO DEMISSIONAL.pdf,sim,medico e colaborador,ASO costuma ter assinatura clinica + ciencia do colaborador
KIT RESCISÃO\04 - FGTS RESCISÓRIO COMPLETO.pdf,nao,,
KIT RESCISÃO\05 - Pedido de demissão.pdf,sim,colaborador,documento de manifestacao do empregado
KIT RESCISÃO\06 - Cartão Ponto.pdf,sim,colaborador,espelho de ponto frequentemente com assinatura do colaborador
Modelo do e-mail de lembrete de postagem de documentação .png,nao,,comprovante/guia/certidao geralmente sem assinatura manual
